feature,importance
pos_ov,0.10319090167508281
jacc_qa,0.06923265327493845
ent_ov_qa,0.06075062561831237
ent_ov_ac,0.05739221088956453
sim_qa,0.055789959526472664
sim_ac,0.04491996418879468
neg_mis,0.01724553879369501
tfidf_479,0.016314189586263978
tfidf_1263,0.01469802488610267
tfidf_3025,0.013514161917111772
